name,artist,id,acousticness,energy,tempo,valence
アンビシャス,MY FIRST STORY,7svD5Sa5WNmvEpflWbUkhR,0.00452,0.961,100.007,0.38
LET IT DIE,MY FIRST STORY,08rRFDUovbSP4WK3E75gmO,0.00131,0.977,95.009,0.23
メリーゴーランド,MY FIRST STORY,5e17FZpKCvOEn5296aNvLg,0.000859,0.929,144.94,0.315
REVIVER,MY FIRST STORY,1p6WtbNY4bDjiFBmSZolJY,0.000401,0.993,99.999,0.26
この世界で一番の幸せ者にはする事など出来ないかもしれないけど…,MY FIRST STORY,5HyCbK2c0ztuCugA04SATV,0.000805,0.983,100.034,0.174
君のいない夜を越えて,MY FIRST STORY,0LjM63phUQIxcyXxbBv0jc,0.00508,0.952,184.986,0.449
One Step,MY FIRST STORY,5jGlXtLHEhMrQXIDnjz98Y,0.000141,0.958,139.998,0.555
CHiLD -error-,MY FIRST STORY,3iG4Q54IU4KNgJwMXvvWH9,0.003,0.934,130.054,0.08
WINNER,MY FIRST STORY,2EfbpJoz5APBuEmH1oUA3H,0.000136,0.987,170.013,0.319
二十億光年の恋,MY FIRST STORY,62wjXTsTFCNL0Fe2XJ1GtQ,0.136,0.637,169.785,0.511
終焉レクイエム,MY FIRST STORY,5ipiQRKf6ZQM5NLuGY60Ng,0.00281,0.985,100.027,0.195
ハルジオン,MY FIRST STORY,71I3KFTKzYz1qi3SBctusp,0.0146,0.913,172.859,0.559
Home,MY FIRST STORY,1YhaeT8EygMA6OaUVwrow4,0.00018,0.969,175.051,0.487
最終回STORY,MY FIRST STORY,5rBnunsAR3wS0XM5d493O3,0.00091,0.943,107.557,0.202
夢幻,MY FIRST STORY,2otdcgLtoowuQzlU0Cx827,0.00479,0.929,135.008,0.404
I'm a mess,MY FIRST STORY,6c5GqVWU3yFDgPkgBB0MGg,0.0148,0.939,130.039,0.676
マボロシサスペンス,MY FIRST STORY,19FY4Eu9kSlpPNimWyPyKC,9.38e-05,0.966,130.014,0.393
Love Affair,MY FIRST STORY,4JXy5UcHZMrtEJiUYXNfQD,0.000258,0.932,145.023,0.434
The Reason,MY FIRST STORY,4NhiepZSWF6DYV0hFLWe54,0.000292,0.92,135.022,0.598
あいことば,MY FIRST STORY,1PmOyrbXWh03R4idV6ei62,0.0111,0.718,153.002,0.304
Black Rail,MY FIRST STORY,4CuPkKUne5SsEsDyDqtlKj,0.0021,0.957,102.006,0.481
蜃気楼,MY FIRST STORY,2K2fKGu0wJuByM2dTBTUsr,0.000373,0.912,131.966,0.585
無告,MY FIRST STORY,7CwuKD8R0v5qaCkxxiXRZ0,0.00114,0.978,97.431,0.3
虚言NEUROSE,MY FIRST STORY,74rZug4HF6ypkKzE4oEnYj,0.00266,0.97,93.43,0.462
ALONE,MY FIRST STORY,72iaBWeNjV5WwHBvgZPL65,3.48e-05,0.967,200.08,0.49
Missing You,MY FIRST STORY,4MzdrjWuEShth6tyABlzYo,0.000368,0.966,95.01,0.482
ハイエナ,MY FIRST STORY,4OrME1BlRzdB1adWiajfMJ,0.128,0.927,170.082,0.712
Smash Out!!,MY FIRST STORY,0FAsxRVa5m7ZkTffBfPOeP,2.26e-05,0.987,194.902,0.318
Boyfriend,MY FIRST STORY,3S8zX1e2oC1KxvEwcoBPpH,0.00199,0.752,114.981,0.328
MONSTER,MY FIRST STORY,1Y44rWSMNJtaEDYHLgXf97,6.42e-05,0.983,122.994,0.258
With You,MY FIRST STORY,6jGB8Elznkw3445mTX9EWz,0.000449,0.968,139.987,0.197
猿真似ドロップアウト,MY FIRST STORY,79Tcowk3Uk5HKioOP0O1rM,0.0013,0.977,109.983,0.421
東京ミッドナイト,MY FIRST STORY,6yOsud5tOWwu4Hj43cW7Vc,0.00155,0.894,132.945,0.54
失踪FLAME,MY FIRST STORY,6lpl7KYkM4DgYJGosrLF3L,0.00477,0.962,105.017,0.165
moonlight,MY FIRST STORY,68byopkpDw9u4C5DlsxzdW,0.0335,0.94,120.042,0.6
大迷惑,MY FIRST STORY,2tTeAEY8GjHnVN9k3tsdtC,0.00374,0.967,129.839,0.859
Fake,MY FIRST STORY,0vc907WNkLfxVW02cU3u8f,0.000109,0.961,96.024,0.408
i don't wanna be,MY FIRST STORY,5cEBCMlHGGoShjfmmtfjJg,2.92e-05,0.987,183.18,0.195
Take it Back!!,MY FIRST STORY,1fvV6APEMhM92GPeoK9uNu,0.00103,0.931,96.52,0.619
Nothing In The Story,MY FIRST STORY,1xj5HLvWgeVb04VMlKa1So,7.33e-05,0.977,195.14,0.325
M.A.D,MY FIRST STORY,3J58Z69Way85kIyUiSeVND,0.00516,0.976,170.137,0.248
不可逆リプレイス,MY FIRST STORY,7lFzS8uBjpXckGjQQcpJrW,0.000143,0.931,99.955,0.365
ブラック・スワン,MY FIRST STORY,3oQ5Sd3C0WIU1L7nhkVqwh,0.000112,0.978,92.507,0.449
Zero Gravity,MY FIRST STORY,09lnZwGkn3E87OW3OQY89Y,0.000627,0.955,149.96,0.0761
The Puzzle,MY FIRST STORY,5RlrAVmBJWKzPUCwatuSrB,0.000494,0.981,95.036,0.352
plastic,MY FIRST STORY,6cFSP0fdTe5OHoz3VcPaaO,0.0173,0.903,89.991,0.911
君の唄,MY FIRST STORY,39aNGGEDoh1CCPWCM49Tp0,0.028,0.658,109.955,0.17
アンダードッグ feat.JESSE (The BONEZ / RIZE),MY FIRST STORY,4OCyRfOf2ftfyEhQUjaGQx,0.00016,0.954,114.933,0.522
アンダーグラウンド,MY FIRST STORY,7J5rQ68rXTv7zD1pM5baio,0.00306,0.958,97.941,0.487
Someday,MY FIRST STORY,0KzVMAlNszLJd00MTYYKqv,0.00426,0.924,90.062,0.273
Drive Me,MY FIRST STORY,2Dhww8whqDBWiwsROZO3of,0.00298,0.924,179.89,0.3
Sink Like a Stone,SWANKY DANK,5HMXCirRFXQ2pVHHzkK32d,1.07e-05,0.952,195.715,0.528
レイメイ,Sayuri,1s0QbmRVJ6AK4ICc44tJtB,0.00116,0.983,185.116,0.241
絶対絶命,MY FIRST STORY,4inxbinGBe0quHygAxlDNd,8.29e-05,0.987,169.813,0.236
MEMORIES,MY FIRST STORY,3NfKXjvzsP17Tra55CffOO,0.000577,0.967,90.04,0.447
The Story Is My Life,MY FIRST STORY,4uYwtW4P4AjfxgKtNQqJBR,1.34e-05,0.983,104.955,0.47
Calling you,MY FIRST STORY,4kZRun5ZCHUTcxSJeDmYue,0.00312,0.98,95.012,0.24
Room,MY FIRST STORY,6l4823YeFbd00tL4snuUFP,0.00326,0.952,114.951,0.258
mine,MY FIRST STORY,7tEPVlqhrK9Stc7rIQzFyk,0.0114,0.797,115.065,0.316
"""Boom""",MY FIRST STORY,0CkARTGv97YSA0TuWRpHGd,5.45e-05,0.978,199.918,0.192
2 FACE,MY FIRST STORY,1zsv3SI1GqYvrj7zhva1tK,0.000306,0.992,102.491,0.235
Warning,MY FIRST STORY,0GmeA0tDBzkGnMh8Aj1yiF,0.00129,0.948,185.269,0.232
Bullet radio,MY FIRST STORY,1Y56IAL1JGA6sWcL3GMO2p,0.000537,0.973,187.131,0.297
アイデンティティー,MY FIRST STORY,1oe5T289Oiv3s6a2QAxAyr,0.000676,0.987,114.959,0.425
Second Limit,MY FIRST STORY,1GkjM3YFmgiE23gyezCySh,0.00071,0.959,95.074,0.264
モノクロエフェクター,MY FIRST STORY,0NzuuN5h8jtjgcwmcbj4b4,0.00241,0.956,150.025,0.327
ACCIDENT,MY FIRST STORY,3elIRsmkUWTGrqEuAasoRt,0.000272,0.923,119.99,0.664
Starting Over,MY FIRST STORY,17esqdA9frJM7oNzo3yIil,0.0117,0.908,99.004,0.672
CRAZY BEAUTIFUL NIGHT,MY FIRST STORY,1BvsiUIXqmq0i7Fa8cC3LV,0.00155,0.924,130.067,0.32
「花」 -0714-,MY FIRST STORY,3iASGIFlQ3RbavXMPobRuW,0.00807,0.641,129.957,0.306
Awake,MY FIRST STORY,0NT0IWL13l990vIlg8Ovjd,6.89e-05,0.981,104.926,0.25
MINORS,MY FIRST STORY,4Jt1Py3kXJOjYUDO9rmz4M,0.0205,0.95,104.834,0.3
悪戯フィクション,MY FIRST STORY,4byBkXmWNi1crfk8oYIhrD,0.000292,0.961,91.491,0.392
告白,MY FIRST STORY,05dNly5n36DhY8tY0qLNBw,0.662,0.471,134.948,0.401
Last Kiss,MY FIRST STORY,06ohbV2jDn2TzWbgFk2K2e,0.557,0.538,149.408,0.223
証,MY FIRST STORY,3QQHpIDed2ecBxyCxCWaIb,0.046,0.911,100.016,0.721
Love Letter,MY FIRST STORY,7oXAeN67tvfKQ7yYuhtfgv,0.0273,0.788,99.877,0.399
One Light,MY FIRST STORY,7cAYn9T8eGyPT9IfaISuLD,0.0306,0.902,180.052,0.342
PARADOX,MY FIRST STORY,6V6ED9h3ps0gzcClRMxSKu,0.0432,0.779,130.005,0.514
Last Call,MY FIRST STORY,7xhmLKPZ5VhqEGXv9w8iOd,0.00014,0.988,100.169,0.134
The Storyteller,MY FIRST STORY,4XpQLcNHiDBfx4IfLSX5HP,0.00182,0.872,144.981,0.44
Tomorrowland,MY FIRST STORY,5wtCtFclIHifYjT3XVuvnI,5.18e-05,0.986,141.014,0.236
lonely,MY FIRST STORY,0M6E9d9UvGGU0AsRAhXvJP,0.0057,0.88,135.996,0.136
King & Ashley,MY FIRST STORY,3TeMXdcKef8xeWrjepm2IP,0.000127,0.957,107.556,0.444
LEADER,MY FIRST STORY,7aL1ICSO4JYdRzQcxQ96lz,0.00301,0.97,180.292,0.28
Gift,MY FIRST STORY,1Oi7pxV2W8axzozwWeRwHQ,0.000116,0.943,139.995,0.498
SAVIOR OF SONG(feat.MY FIRST STORY),NANO,6iova3wpxlyVLi5h21h67k,0.000341,0.91,96.038,0.611
Listen,MY FIRST STORY,5rtulpUZ7hinDGwe46ondS,0.0127,0.886,120.001,0.429
Dreaming of you,MY FIRST STORY,61AYCZrkESwuQKUULP0fgF,0.164,0.716,119.924,0.689
Still,MY FIRST STORY,1kWx9bzXhVKOc63PnPsI12,0.0529,0.879,174.978,0.228
Where come from…,MY FIRST STORY,4x8mobA7K3JzrH90itIOFb,0.000143,0.949,74.805,0.554
EXPERIENCE,MY FIRST STORY,3S0jB9xr5VuasxwxhuaZeA,9.91e-05,0.978,187.098,0.493
REMEMBER,MY FIRST STORY,0f8lDzu9KNm7rvFebADLYS,0.0159,0.938,129.984,0.249
Deserve!!,MY FIRST STORY,1GH4WL7qpznWpbHZCJiT6i,0.000164,0.933,95.028,0.663
あいるびーばっく feat. Hiro from MY FIRST STORY,BAK,1jcCGgDRrDsma4AXoEcrHW,0.114,0.892,131.907,0.618
Lose your mind,MY FIRST STORY,1qBuFhQxHT74J068GuNzTj,8.48e-06,0.973,106.92,0.62
If I Am…,MY FIRST STORY,1BdI9l0sWEjJZJsYyUi5IC,0.00118,0.838,144.896,0.443
Silence word,MY FIRST STORY,0ESK20GH81DL8GPbjYAbRJ,0.00122,0.834,97.52,0.355
21Miles,MY FIRST STORY,7xHCTwLyhthha31pYn55tv,0.704,0.366,159.626,0.564
廻廻奇譚,MY FIRST STORY,2YQwWIIZZhV2USqsTyzCYE,0.00109,0.973,92.499,0.445
See You Again,MY FIRST STORY,44Slr55caInRBxlJw74a7c,0.918,0.309,149.947,0.554
ミカヅキ-Hiro(MY FIRST STORY)Vo ver.-,Sayuri,0sc4U4EIeFQDKWAz67sl34,0.0209,0.843,125.967,0.509
"1,000,000 TIMES feat. chelly (EGOIST)",MY FIRST STORY,3dVMeI08Of33bjSELmtSqq,0.00382,0.987,199.874,0.236
Ashen,MY FIRST STORY,2dbM1j1plZaxNeRGGvyy66,0.000191,0.95,194.998,0.206
アクマ,MY FIRST STORY,6ebno1nYxxJd6Soz0TyjIr,0.0107,0.927,156.98,0.731
BREAK IT DOWN,MY FIRST STORY,73o6n0ZXWVYnBSzge6Ei0m,9.19e-05,0.949,97.01,0.482
鴉,MY FIRST STORY,435ojXz9dKdHwLsSGe0QNm,0.00454,0.797,87.963,0.342
Vandalize,ONE OK ROCK,1zPsa7aCICVvxBpPuzA9JJ,0.0122,0.892,133.998,0.555
Bedroom Warfare,ONE OK ROCK,641v1GDGA1OYzn4LKksAyt,0.000288,0.913,133.969,0.762
Mighty Long Fall,ONE OK ROCK,68unkgYfyfZDWSVz7FoY8Z,0.00129,0.953,158.02,0.538
光芒,ONE OK ROCK,5xUW3CurYaC7hrFSGOTlsQ,0.00189,0.889,165.982,0.638
恋ノアイボウ心ノクピド,ONE OK ROCK,5eie6nT6y80qjpuHhUxhuX,6.47e-05,0.935,98.616,0.607
ONION!,ONE OK ROCK,553AKE3iN46rGvdi8ANiNv,1.81e-05,0.972,177.018,0.632
Living Dolls,ONE OK ROCK,4fAWPV5MwPulFtPCcebTQn,0.00183,0.865,94.001,0.29
Nothing Helps,ONE OK ROCK,5Xhe6quw4D0bQp7WxLLec6,2.51e-05,0.777,91.006,0.559
C.h.a.o.s.m.y.t.h.,ONE OK ROCK,24BG2nboedaLDaTZ7WmY2R,0.00112,0.901,93.006,0.279
Smiling down,ONE OK ROCK,7AactJM1bHimCdeSmRjCNe,0.000415,0.852,168.656,0.41
Never Let This Go,ONE OK ROCK,18kyXukQf76jCxKSUEBxlG,6.22e-05,0.983,95.424,0.399
アンサイズニア,ONE OK ROCK,7IOHcSwKskrAFMA1gZwD1d,0.00127,0.961,187.966,0.34
20/20,ONE OK ROCK,1hXdrsESoSGG5fH37BrNqE,0.00162,0.913,164.941,0.701
Nobody's Home,ONE OK ROCK,2ZcOr5lHz4qY7b177BINul,0.000228,0.937,84.873,0.368
カゲロウ,ONE OK ROCK,4v5JwgpMOAYGevASour7Fd,0.0576,0.852,79.986,0.583
未完成交響曲,ONE OK ROCK,5dcY3tnR5Id4R9hvM3Fpvp,0.000782,0.99,195.051,0.491
Always coming back,ONE OK ROCK,2NwGpjVtyRJm7WwkB98rrP,0.146,0.741,75.036,0.295
Deeper Deeper,ONE OK ROCK,3qmZlJRJjliV3a9LKRiIMT,3.09e-05,0.966,158.828,0.664
the same as...,ONE OK ROCK,0d4lixnAOojZyVfCydVSLM,6.22e-05,0.933,158.612,0.366
Outta Sight,ONE OK ROCK,5WqJTNhzupAvCDFt8jJ834,0.0821,0.848,170.121,0.489
Clock Strikes,ONE OK ROCK,1XPzVq4TS2D38MUb9uu0hi,0.00113,0.921,95.934,0.231
じぶんROCK,ONE OK ROCK,6SkHCwuXmDgOUW4kANhvk6,0.000628,0.978,166.019,0.376
One by One,ONE OK ROCK,7jrdj9nOFSy74y7DhqtJCX,0.000565,0.945,197.02,0.386
Pierce,ONE OK ROCK,41BEruDJtTym6apBSyL0iG,0.316,0.481,112.264,0.235
Giants,ONE OK ROCK,4vXiNswx89Q5jE9eB8KCT9,0.0134,0.66,104.998,0.684
Ending Story??,ONE OK ROCK,7FWiR3UxAeDBL96AOlEzUt,0.000131,0.917,175.133,0.414
CONVINCING,ONE OK ROCK,1y1uHawLitKRyZjhH1ffsu,8.38e-05,0.909,90.521,0.666
完全感覚Dreamer,ONE OK ROCK,30hzxa3MaRd2XXB6kXGlPh,0.000191,0.914,94.975,0.711
Let Me Let You Go,ONE OK ROCK,6PM8wi7Z9LnM426pJT47kY,0.0102,0.827,96.101,0.717
Stand Out Fit In,ONE OK ROCK,17EiIn0d2tftCjJrGOrbFj,0.0291,0.839,126.023,0.34
The Beginning,ONE OK ROCK,1J6MFj60gFCvYqOtjoYkM0,8.83e-05,0.983,182.058,0.279
Be the light,ONE OK ROCK,378EsxeP43WTpveXLfj4hh,0.00742,0.876,82.022,0.42
Taking Off,ONE OK ROCK,7bmdV1IiqeCIK1Lb3klDVV,0.00182,0.878,111.978,0.421
Riot!!!,ONE OK ROCK,0bwAsWF3LNtZGJRzuUO3Eb,0.000131,0.951,93.766,0.303
Wonder,ONE OK ROCK,4lUpv1FFjb7B2IaZu8O8Sb,0.00232,0.949,160.042,0.472
努努-ゆめゆめ-,ONE OK ROCK,3DgBxV8oklNgwhnkfQNIdi,0.00307,0.951,125.975,0.646
混雑コミュニケーション,ONE OK ROCK,1b1DYrGrRqZXi7CfAWRUNT,6.52e-05,0.99,194.814,0.244
20 years old,ONE OK ROCK,4Kq6r1LlSUDX0quxlLOzWd,0.0109,0.906,84.294,0.678
キミシダイ列車,ONE OK ROCK,0a5rZP8sYdlvBRVmcNovyC,0.000226,0.909,170.092,0.849
Yes I am,ONE OK ROCK,20nbZ1is4EpARn5Hw5wJbm,0.000572,0.989,163.134,0.248
Juvenile,ONE OK ROCK,7dIuQXaPedaYXQORKFKvoH,0.0238,0.961,135.147,0.477
Cry out,ONE OK ROCK,1yDQHmQ4uxcC3qrYpd702l,0.0022,0.977,168.068,0.149
Shake it down,ONE OK ROCK,17LrY2XpptFiPM8f3IzlCi,7.73e-05,0.985,94.453,0.429
LOST AND FOUND,ONE OK ROCK,4E0lHSPfXL679DtfbsqD8Q,8.8e-05,0.971,194.409,0.729
Mad World,ONE OK ROCK,7uPqCPyYOZV9OqRfGCKhoP,0.014,0.927,79.855,0.667
Liar,ONE OK ROCK,0NYG1R49m9sZ8TYBWZ8MZe,0.000258,0.979,103.538,0.304
Re:make,ONE OK ROCK,4jcSJrDnKSmOLqMkGJmFL6,0.000116,0.988,171.977,0.443
Viva Violent Fellow~美しきモッシュピット~,ONE OK ROCK,3AHR2x4tldZsxzygXx6ebf,7.41e-05,0.884,89.614,0.82
Suddenly,ONE OK ROCK,3TKRAK52N5L8b9E82TC8eq,0.000959,0.978,90.446,0.228
Paper Planes,ONE OK ROCK,3OoMjSl2QOiRce4UrETQAP,0.00325,0.959,110.097,0.145
Start Again,ONE OK ROCK,71MTBfRQTn7AxOPVtAB8gB,0.000592,0.893,173.933,0.544
Memories,ONE OK ROCK,6kSGjfp9PbQdlnTzDoD45K,0.000419,0.904,175.042,0.556
Prove,ONE OK ROCK,52ag4tcZZ9ZSRZJPELSUzV,0.0151,0.824,111.071,0.529
内秘心書,ONE OK ROCK,5bdgq735hCO46J98oi2Wpe,0.00329,0.866,92.572,0.542
エトセトラ,ONE OK ROCK,5vYgHcbKyi6gSJ9OEK0Ivb,0.00774,0.863,84.027,0.147
皆無,ONE OK ROCK,0O5c881FanD1eIc3cy8F8t,0.000219,0.875,178.096,0.465
Wherever you are,ONE OK ROCK,7a7EIFzJLd7lcDRgThMQgm,0.0286,0.69,173.716,0.288
Make It Out Alive,ONE OK ROCK,4WVJeRP6hjMMBkmWsV4TtF,1.02e-05,0.936,137.047,0.398
Stuck in the middle,ONE OK ROCK,6jhcFvAbEzyb1sZBtD3hwp,3.1e-05,0.98,94.911,0.232
アダルトスーツ,ONE OK ROCK,6jGSZQEgf2b1rCzDHZOP1g,0.00125,0.983,185.025,0.531
Fight the night,ONE OK ROCK,4SlBZrMrhbmfrFZaeHUHMf,0.0442,0.638,135.031,0.191
Take what you want (featuring 5 Seconds of Summer),ONE OK ROCK,1P3cdB5wydoRlTFRz0bNLO,0.0161,0.865,118.016,0.459
Your Tears are Mine,ONE OK ROCK,18rY0odTZPuODbH8QBnsmP,0.00945,0.528,168.783,0.221
Neon,ONE OK ROCK,0g3TpQFLDLUwjj56BCxsou,0.000467,0.897,137.016,0.576
Take me to the top,ONE OK ROCK,1RW9aS1EwV1KOktcCe98Sz,0.0011,0.974,195.968,0.223
欲望に満ちた青年団,ONE OK ROCK,6D6Pybzey0shI8U9ttRAPx,0.0479,0.752,87.985,0.694
Letting Go,ONE OK ROCK,79oyoDlPustmUs5yIlhbBI,0.324,0.688,98.012,0.44
So Far Gone,ONE OK ROCK,1KGDfQnjkz98Ht1fG6MayU,0.00318,0.705,166.036,0.402
Renegades,ONE OK ROCK,51jNm9g0nRKfYUXx0CQcae,0.00108,0.842,153.946,0.342
Melody Lineの死亡率,ONE OK ROCK,5wnZgVBvsGfQNnzYmOnppX,7.59e-05,0.927,179.964,0.649
When They Turn the Lights On,ONE OK ROCK,18dzHoS7vHCYXahYqaBekU,0.0239,0.754,156.095,0.304
Decision,ONE OK ROCK,2R3Sw7x7TZn9vAkcAbZvus,0.000417,0.93,160.023,0.197
I was King,ONE OK ROCK,0LwktKzh7qjyrWpcrUsqhn,0.000159,0.875,184.954,0.349
Heartache,ONE OK ROCK,35u1HQH5grjygDHlmImpax,0.0954,0.686,142.871,0.236
NO SCARED,ONE OK ROCK,6EnWLKttoqHlbi0lJN0Vbr,0.000152,0.976,185.081,0.518
Reflection,ONE OK ROCK,3fBRC8E9vhKJI4mJeJMMOo,8.27e-05,0.898,94.83,0.416
Change,ONE OK ROCK,14DNw6R24Vcm4lzaSFn3oz,0.00224,0.742,90.084,0.327
Gravity (feat. Satoshi Fujihara) [OFFICIAL HIGE DANDISM],ONE OK ROCK,2sjFLSGUKxYT8qSuuLHAdx,0.0464,0.713,97.592,0.424
One Way Ticket,ONE OK ROCK,62i2LI6iDmAHbE9H9wa99z,0.385,0.738,97.973,0.488
Listen (featuring Avril Lavigne),ONE OK ROCK,0GT5m0eIa0OATOECdQtcsk,0.0185,0.907,168.091,0.439
Good Goodbye,ONE OK ROCK,3Od9KboHdqw7eJiR1jCwz7,0.0259,0.56,101.955,0.35
69,ONE OK ROCK,5notV2FLCYg3jRBdRFmipa,0.000513,0.895,83.027,0.54
Save Yourself,ONE OK ROCK,1xeikRZtZYOymGJAxOm1dr,0.00802,0.859,82.52,0.768
Broken Heart of Gold,ONE OK ROCK,2SRmR6w3MMCA0UwAtKkVrZ,0.0804,0.712,85.794,0.156
Borderline,ONE OK ROCK,05j2gK8URdnf7uiWqnXbUk,0.000107,0.973,92.971,0.437
We are,ONE OK ROCK,4QL5DKkPZwBXkph4fW2Y0Z,0.0503,0.823,147.927,0.326
Wasted Nights,ONE OK ROCK,2gSQoIbvF2hDfIayhF7QLa,0.0175,0.824,125.053,0.385
Let's take it someday,ONE OK ROCK,34zQpV511YhoQjhueyKG7B,2.14e-05,0.982,124.972,0.34
必然メーカー,ONE OK ROCK,2gGW5HTHPcdbg5bTxuI69E,0.00742,0.919,92.491,0.355
Can't Wait,ONE OK ROCK,7wWV7FM015VYTlNw6KIYRI,0.0194,0.869,111.014,0.542
Worst in Me,ONE OK ROCK,7ppyNgkO7nWPP9ii5SeYz0,0.174,0.855,155.423,0.526
夜にしか咲かない満月,ONE OK ROCK,0rFzrfWzAY3mwZ603lBZOZ,4.43e-05,0.95,154.891,0.581
Lost in Tonight,ONE OK ROCK,6qPI6bkOq5vvD4vMmH5Kil,0.00207,0.974,157.847,0.54
( you can do ) everything,ONE OK ROCK,164mzTqzr9X7LhQO4B7xDx,9.36e-05,0.936,166.102,0.435
Mr.現代Speaker,ONE OK ROCK,2DRVJjfh0vhnD8dL55HJi8,7.28e-05,0.881,138.887,0.243
Bombs away,ONE OK ROCK,5kIYyeGwlDKCFUN2SFofGd,0.0392,0.943,159.943,0.283
ケムリ,ONE OK ROCK,1YVdmLu9PIrV2Bz5sJAUYw,0.000348,0.843,125.929,0.41
Lujo,ONE OK ROCK,2NQ4t1S1c5QlninK1QCnhC,8.74e-05,0.982,175.921,0.375
In the Stars (feat. Kiiara),ONE OK ROCK,3VESewT7ERH2wtE5OyuKWH,0.446,0.785,157.974,0.193
100%(hundred percent),ONE OK ROCK,6z5Kk48QPL43gOi2WZqMPL,4.85e-05,0.97,92.972,0.635
Bon Voyage,ONE OK ROCK,1tNP63SI0nJgLFHFAPUwFK,0.0129,0.951,110.001,0.379
All Mine,ONE OK ROCK,50lSJQNv2r1RwqtT6OKDTa,0.841,0.357,81.889,0.261
Break My Strings,ONE OK ROCK,0xUBumMpDARiFrRC5GTa3b,8.3e-05,0.875,110.158,0.458
My sweet baby,ONE OK ROCK,0bHc1ZtjBKPp9NtrG7MAGv,0.0635,0.851,95.02,0.505
世間知らずの宇宙飛行士,ONE OK ROCK,2vYHbSCwGGN8t75WznqyQz,0.000573,0.698,87.019,0.622
燦さん星,ONE OK ROCK,7eDh9zj5iLxEUD0G6LAGrE,0.00245,0.837,161.114,0.636
Free Them (feat. Teddy Swims),ONE OK ROCK,0kiEbXlAps3N4kCKFtOL59,0.00238,0.726,107.16,0.353
Crazy Botch,ONE OK ROCK,0opiefH6A0Hd13TkW6p2RL,0.000258,0.956,136.796,0.508
Push Back,ONE OK ROCK,1CUySISI1Hhlr54QxBKYvV,0.00147,0.659,94.981,0.346
Yap,ONE OK ROCK,1L44VToyydPDEceKgOHdEo,0.00568,0.906,186.075,0.875
どっぺるゲンガー,ONE OK ROCK,28cqNmgLomAIx8CgKKwMzv,0.00329,0.933,170.06,0.669
Grow Old Die Young,ONE OK ROCK,5KjpVjzswXSbrUuIKds12T,0.114,0.607,176.425,0.278
"A new one for all, All for the new one",ONE OK ROCK,1mu4SNg4u1mRMiMsHsTyw3,0.0232,0.394,179.942,0.247
存在証明,ONE OK ROCK,2OjCFvzc4D7o9BmK3aXiNt,0.00205,0.964,95.949,0.304
The Last Time,ONE OK ROCK,6bnJ8ivLzjAZ0KIRHTeP4l,0.000258,0.739,101.065,0.298
JUST,ONE OK ROCK,6m05fVl7EJivv213zRdWpl,0.05,0.000129,195.625,0.275
Eye of the Storm,ONE OK ROCK,7KIDnYjAddu6wHdDjFTXZi,0.0388,0.834,149.881,0.441
Head High,ONE OK ROCK,5umPOWMg1gi40bqhFx0lIz,0.00941,0.856,105.983,0.35
Delusion:All,ONE OK ROCK,61f3iPQRIe0I6CSj7qJdi3,9.93e-05,0.898,108.207,0.313
2045,MAN WITH A MISSION,3H7vCs8SwJO7WRhgCaKKr1,0.0144,0.948,117.988,0.23
evergreen,MAN WITH A MISSION,79kQojJ1eX784zQhtdXefM,5.59e-05,0.975,196.114,0.429
When My Devil Rises,MAN WITH A MISSION,1GlX0dwUIUh4NpRXlJY8WM,0.000255,0.959,106.997,0.635
フォーカスライト,MAN WITH A MISSION,1TJJ96TfQ0jigtr6snT5V4,0.000261,0.913,155.97,0.535
higher,MAN WITH A MISSION,3iF4Laaa2ZILUgfCYhNdI6,1.29e-05,0.916,143.965,0.507
Dive,MAN WITH A MISSION,0zybheRvlQB2E8z1MMG8FH,0.00464,0.98,105.02,0.545
Wake Myself Again,MAN WITH A MISSION,4lTu99ViNKE6jwLtg09GrU,0.000118,0.93,147.914,0.445
database,MAN WITH A MISSION,5cIGOvYS3YmKvVsiaCHmJK,7.38e-05,0.969,177.007,0.807
Feel and Think,MAN WITH A MISSION,00qrpM7ThTmEtMvmA3cTto,6.88e-05,0.955,189.83,0.819
babylon,MAN WITH A MISSION,2tGqd9xQvrrtAr3D0vpBR5,0.0301,0.935,110.007,0.452
PANORAMA RADIO,MAN WITH A MISSION,1R6oibYRktuTNIRDK5wy3B,0.0518,0.649,135.025,0.465
Emotions,MAN WITH A MISSION,0IGFPQy1tVBEOh5hUeK8RH,0.000178,0.969,176.142,0.185
colours,MAN WITH A MISSION,4McGddoL2Bc0KWZAWWKLz6,0.107,0.55,96.084,0.355
Seven Deadly Sins,MAN WITH A MISSION,1C14dtVHQfglaX1yaWnANg,0.00497,0.967,142.887,0.345
evils fall,MAN WITH A MISSION,0WaZ3y7lA6FDyMbhQYXTRj,0.000149,0.969,126.526,0.2
distance,MAN WITH A MISSION,1XCDBsitka9kl2LofCtTJG,0.000274,0.98,161.955,0.495
Trick or Treat,MAN WITH A MISSION,3Bw5Y9ChiN3vNASN9meIw6,0.000939,0.982,111.983,0.396
86 Missed Calls,MAN WITH A MISSION,2BnLH2O9IKuMEefQv5NXHX,0.00178,0.852,130.656,0.566
Blaze,MAN WITH A MISSION,5CXdtAMhHtwES0IgBiSrUF,0.00184,0.945,98.037,0.429
Raise your flag,MAN WITH A MISSION,4eO27bYFUJBDOenGKfe4YX,0.00128,0.966,144.983,0.571
The Soldiers From The Start,MAN WITH A MISSION,74y9nAKQT8raLKdsnbqrye,8.23e-05,0.933,175.911,0.329
Fantasista,MAN WITH A MISSION,6wpnmcKRbWoasdvEDJPoRJ,0.0018,0.915,94.992,0.326
ONE WISH,MAN WITH A MISSION,1VCV3QUJfpCQqnrz5BugcV,0.0243,0.871,92.592,0.602
Take Me Under,MAN WITH A MISSION,7bRMULKrdslSKmlGyyj0h0,0.000147,0.939,103.014,0.166
モラトリアム,MAN WITH A MISSION,6zShmRvYyPLdVrIeVWcNaN,0.241,0.713,125.974,0.359
More Than Words,MAN WITH A MISSION,7sNkDn0g2BTnJEGRrh2lXV,0.0613,0.823,133.016,0.422
Change the World,MAN WITH A MISSION,7hwrQF3uJV146B8aSnV4Iq,3.55e-05,0.976,95.477,0.148
Dog Days,MAN WITH A MISSION,5qGnJeyDuLVa9ZWt20rlHn,0.000479,0.948,172.988,0.4
コイコガレ,MAN WITH A MISSION,4ElhOPvkuYS9S25ylXqzTk,0.000366,0.925,174.986,0.355
Break the Contradictions,MAN WITH A MISSION,3R622JXDuZoeNimQXmQdpu,0.022,0.839,102.531,0.35
Mr. Bad Mouth,MAN WITH A MISSION,5q1BsUGja74yDzSeMiu9CS,0.000473,0.655,120.976,0.229
Take What U Want,MAN WITH A MISSION,5IPDk1JDUXriEGJjmHf4Gj,4.01e-05,0.968,144.065,0.793
Rock Kingdom,MAN WITH A MISSION,7fmTmtGeXmaT5GUJOPXSmK,0.000318,0.886,164.001,0.551
絆ノ奇跡,MAN WITH A MISSION,22US8etZJDzJoLP19uTqdg,0.0046,0.951,169.955,0.428
Hey Now,MAN WITH A MISSION,56kKI2KKdF3mycxhkUTL7e,0.000597,0.927,136.043,0.153
DANCE EVERYBODY,MAN WITH A MISSION,5TunzC7Cg3eEoupsNbLlyp,0.000108,0.898,110.037,0.654
Brave It Out,MAN WITH A MISSION,5ggBvSBh0MvEowZuyZGgcX,0.00241,0.818,107.019,0.546
Subliminal,MAN WITH A MISSION,24Rnn2V2nnupiTbTmFp5wb,0.00346,0.956,142.529,0.566
Merry-Go-Round,MAN WITH A MISSION,1jMk0PJeSpJ18K8FDx3jQG,0.0113,0.918,119.972,0.42
whatever you had said was everything,MAN WITH A MISSION,0VPp556lXNm98t7Z9IIuNL,0.00098,0.84,89.882,0.621
Out of Control,MAN WITH A MISSION,2r99MEhpL4lBR78jVCvj2P,0.0045,0.986,156.019,0.313
INTO THE DEEP,MAN WITH A MISSION,41RDEhI3pvlU2NtAvDP6hf,0.00756,0.903,140.064,0.0501
Winding Road,MAN WITH A MISSION,28viIVffdi7sUbXnEKRIyt,0.000342,0.88,131.986,0.515
NEVER FXXKIN' MIND THE RULES,MAN WITH A MISSION,0QutJSQCKW9IsmckUfV7pd,0.000207,0.901,187.382,0.711
Dead End in Tokyo,MAN WITH A MISSION,10yU0oceOAnd6VWaoHtR9a,0.00104,0.932,109.941,0.329
Memories,MAN WITH A MISSION,4tXTdd3ZFTbBQ021NYtMwi,0.000611,0.92,129.99,0.281
Broken People,MAN WITH A MISSION,55F81S3YejG6otKAxX8qNz,0.00118,0.988,99.99,0.196
DON'T LOSE YOURSELF,MAN WITH A MISSION,7dOKpoKvT3B3o72zp2yu4A,0.000124,0.929,123.959,0.531
Freak It!,MAN WITH A MISSION feat. 東京スカパラダイスオーケストラ,6QG25uNztYBmJJBciTBAzt,0.0354,0.938,92.107,0.721
SCENT OF YESTERDAY,MAN WITH A MISSION,6tzmW9QaTwav5R8g71T2rW,0.000456,0.902,135.017,0.317
"Tonight, Tonight",MAN WITH A MISSION,49uaFiZPOQvEPB4IJBfUDg,0.000893,0.942,143.028,0.412
All You Need,MAN WITH A MISSION,5rUASwXviplrTubYfGZObx,5.93e-05,0.899,139.989,0.561
The Victors,MAN WITH A MISSION,4SdKtaNDbJnayvYaFYSnyo,0.027,0.756,90.051,0.269
Survivor,MAN WITH A MISSION,109oP4EMZXwASKZ2tiVaBP,0.0013,0.982,173.066,0.217
RAIN OF JULY,MAN WITH A MISSION,0WpAC823bA7LnaBBS9Va1m,0.000932,0.771,91.919,0.362
Find You,MAN WITH A MISSION,08TNU2FogC4PpYpzHXEgaG,0.000449,0.813,166.002,0.306
super stomper,MAN WITH A MISSION,0khpV38Dpjdl9ArtYkCWZq,0.000108,0.929,113.819,0.336
yoake,MAN WITH A MISSION,75WftjDT1S9Ap2u1C58GgR,0.0166,0.916,90.135,0.27
Telescope,MAN WITH A MISSION,6ZUjWuATqld9neFTbnrWZi,0.000281,0.933,177.962,0.348
your way,MAN WITH A MISSION,3RHFFw153ORaZt0hTSbFxO,2.61e-05,0.948,103.984,0.727
Get Off of My Way,MAN WITH A MISSION,03oUxFWoiXnMWi0NJkg63P,0.00223,0.954,135.081,0.781
My Hero,MAN WITH A MISSION,0O61uw7EJapylWxH5T2es8,0.00021,0.964,179.934,0.389
Anonymous,MAN WITH A MISSION,6XTfZ4QuXHtbSQA74GZsKT,0.425,0.486,123.889,0.0997
クラクション・マーク,MAN WITH A MISSION,2QkGWJDfkw8n6NuMBeVnJS,0.000236,0.974,111.511,0.473
Please Forgive Me,MAN WITH A MISSION,44sxhUnMqqaTlqdSpZO2xh,0.000573,0.668,155.474,0.243
followers,MAN WITH A MISSION,2D2KOidta9aeRcBHmbXGXq,3.93e-05,0.988,177.963,0.439
Dark Crow,MAN WITH A MISSION,5W5sk5aC0hc7Ic2STV2tUs,0.00634,0.944,148.019,0.36
アカツキ,MAN WITH A MISSION,6bPWmy6pEoI1IOClMVv5E6,0.00123,0.816,180.027,0.587
Left Alive,MAN WITH A MISSION,3kPOubnFjsSdmvEK9rfRQb,0.00398,0.958,144.039,0.382
Remember Me,MAN WITH A MISSION,3WIDl36fLnnhoLrw9EGAcq,0.00132,0.849,125.951,0.387
Thunderstruck,MAN WITH A MISSION,6f6NVGrTVpNEjK6JkBLPdc,0.000181,0.972,134.053,0.306
HASTA LA VISTA,MAN WITH A MISSION,5T8LkXT7njk6tb0QjCQ7Vo,0.00291,0.957,180.134,0.402
Bubble of Life,MAN WITH A MISSION,5P5PDtCM1yHzlYwA9cMS7U,0.0014,0.97,134.023,0.308
FLY AGAIN,MAN WITH A MISSION,0lEtvVl7QQ4edqn75PmP4I,0.000182,0.96,141.018,0.478
WHITE WORLD,MAN WITH A MISSION,3au7qHWC5GIBOLZQQyza5V,0.106,0.734,180.05,0.468
1997,MAN WITH A MISSION,01ywsFyW9hgTwxkdwBMQIL,0.000644,0.957,200.054,0.441
ROCK IN THE HOUSE,MAN WITH A MISSION,5LZZGYJzRU3V91c1VHL33t,0.00285,0.936,109.975,0.362
FROM YOUTH TO DEATH,MAN WITH A MISSION,5Q5ipF0E7Ki65P1M3DUVQ5,0.00108,0.962,99.889,0.522
Rain,MAN WITH A MISSION,1vcCsxKoYPi6jc5AChwGSt,0.0591,0.512,159.787,0.287
NOTHING'S GONNA CHANGE MY WAY,MAN WITH A MISSION,11AoarHk2XC8uBHS3aBETJ,0.000839,0.873,91.01,0.362
スターライト・シンドローム,MAN WITH A MISSION,3M0tB1oCtAQsjBQOpK7ppw,0.00312,0.83,129.977,0.347
Smells Like Teen Spirit,MAN WITH A MISSION,4pP6va8LN1IjsxHvndge96,5.23e-05,0.978,127.014,0.333
ニュートラルコーナー,MAN WITH A MISSION,4xCJTNcpumsorskKK0HrHL,0.00124,0.892,175.843,0.523
Between fiction and friction Ⅱ,MAN WITH A MISSION,5gvrsjz9CFWpYFhMgBaueU,0.0068,0.913,138.051,0.267
WELCOME TO THE NEWWORLD,MAN WITH A MISSION,7A2mrQZSAZkj74aJhLIQzI,0.000549,0.951,186.212,0.631
小さきものたち,MAN WITH A MISSION,4T51Zn5Qrnu7bEInUpqy44,0.026,0.635,188.005,0.924
Lithium,MAN WITH A MISSION,3rzwd9gKWqmQf0gbqzLARn,0.00162,0.852,134.991,0.415
blue soul,MAN WITH A MISSION,6exhHeioJ5XyihXTfO7Gbg,0.00482,0.916,100.027,0.583
Falling,MAN WITH A MISSION,1lY7h67FeiBx02MOKakGOo,3.98e-05,0.849,165.976,0.445
Dancing On The Moon,MAN WITH A MISSION,1hPSKSfDJ9RgPtY8Idfsvg,9.28e-06,0.851,89.998,0.216
Green-Tinted Sixties Mind,MAN WITH A MISSION feat. TAKUMA,3BSsYsFN2S8U9vOJzC16ix,9.81e-05,0.985,120.047,0.556
Just Like Magic,MAN WITH A MISSION,1SKiz6S55nJEvm7c9sEg5b,0.00171,0.962,109.993,0.525
Chasing Sunrise,MAN WITH A MISSION,1vljXZOIOsHqKR5YN3Vf75,0.217,0.589,174.115,0.707
Give it Away,MAN WITH A MISSION,0nUxle5whgHLIhD7yldQvE,2.69e-05,0.973,96.031,0.448
Break and Cross the Walls,MAN WITH A MISSION,3d2o9HYElVOphgSxtujMID,0.0188,0.821,98.47,0.348
ワビ・サビ・ワサビ,MAN WITH A MISSION,7gsg3SC4Ti6YNuMaCmT0xD,0.00206,0.928,103.835,0.598
vitamin 64,MAN WITH A MISSION,3PKaDu6zPjC7ME72bxqxyi,0.0162,0.902,100.031,0.397
ワンダーランド,MAN WITH A MISSION,2lDJQ4LQdJ5rHPoctK6CQR,0.000556,0.635,120.127,0.148
Mash UP the DJ!,MAN WITH A MISSION,1jDhv64IBgdcPtzgr395rC,0.000737,0.921,138.033,0.372
TAKE ME HOME,MAN WITH A MISSION,2YljF11yauDbcEbhA3jY5f,0.00463,0.929,110.064,0.352
時代,MAN WITH A MISSION,6ujQpv1fnkC3mmNuk0393f,0.000229,0.913,197.834,0.392
Sleepwalkers,MAN WITH A MISSION,0mJgftxMHhOBtYLrY5QEIM,0.032,0.585,102.526,0.192
Perfect Clarity,MAN WITH A MISSION,4HyapM9mAiMy79SSPmLHMX,0.00866,0.729,136.612,0.482
Reiwa,MAN WITH A MISSION,5TIkCYRqrqNjiUQsGEZwO1,0.00297,0.644,155.918,0.295
STELLA,MAN WITH A MISSION,6ruNIFO5oCsCDZool04O1q,0.000461,0.984,197.838,0.6
Mirror Mirror,MAN WITH A MISSION,1zMd0ebrvahOiabIwRVURh,2.48e-05,0.93,132.06,0.279
TRIUMPH OF THE DAY,MAN WITH A MISSION,7mVsQRR27CMObKAtqBfJa2,8.54e-05,0.894,179.313,0.495
Waiting for the Moment,MAN WITH A MISSION,0a5C8rb0Q0HOltuvhkp6GV,0.000313,0.94,150.02,0.527
Searching life,MAN WITH A MISSION,0cMo0dZEpMuydCXFk3EAVf,0.00041,0.775,139.691,0.484
The World's On Fire,MAN WITH A MISSION,10Fe7kGOmsuxwsZTte5tIQ,0.000559,0.653,124.993,0.472
The Cure,MAN WITH A MISSION,3Oh3Fr76w3bVt8wcEbs1nu,0.0293,0.864,112.028,0.263
Chasing the Horizon,MAN WITH A MISSION,1EtE4bXLLtxL0Lf1nntQRf,0.00618,0.74,81.991,0.378
Far,MAN WITH A MISSION,592uHJJNbQMkv5FpLx9tDS,0.0123,0.815,83.017,0.547
あの鐘を鳴らすのはあなた,MAN WITH A MISSION,0dVFWfLkO5HHfxtDBodjDZ,0.0217,0.753,107.067,0.161
I'll be there,MAN WITH A MISSION,0lfcOko3BkbcOOQvIJVUG0,0.0152,0.853,171.926,0.251
ONE'S AGAIN,THE ORAL CIGARETTES,3dg2MxnWYOwq8cLjOiuQr8,0.0187,0.897,110.008,0.459
Red Criminal,THE ORAL CIGARETTES,4gedOBx5StsjhlWTjG0Q9g,1.12e-05,0.981,96.073,0.445
MACHINEGUN,THE ORAL CIGARETTES,5JvUIJJ4c3vjaxK214O7Bg,3.16e-05,0.976,188.124,0.319
See the lights,THE ORAL CIGARETTES,4yPHkDfqXib0TxwOSE7I8X,0.0139,0.991,150.013,0.492
5150,THE ORAL CIGARETTES,6MYWvNjKyLQwE5LiaCPsSv,0.00136,0.907,96.011,0.473
LOVE,THE ORAL CIGARETTES,6l050waYPLGfXMkhSgTfQW,0.000363,0.921,137.987,0.445
Shala La,THE ORAL CIGARETTES,0oOryFpsrjlrvmfpIgx0u4,0.000516,0.902,96.039,0.666
アクセス×抗体,THE ORAL CIGARETTES,6O3w928oVXdE4JXPhr1XGI,0.00152,0.944,140.027,0.659
Enchant,THE ORAL CIGARETTES,2tYNzHULY0NLwOX14Ii0f6,5.72e-05,0.95,170.169,0.181
気づけよBaby,THE ORAL CIGARETTES,1ksTti54F1iDKaqgB36TjL,0.001,0.954,141.962,0.936
STAY ONE,THE ORAL CIGARETTES,01Ux81Fx9dliBm43XxAdpC,0.00589,0.974,99.404,0.615
Fantasy,THE ORAL CIGARETTES,4i05fiVeptGxnyM411x28n,0.00847,0.849,119.463,0.927
容姿端麗な嘘,THE ORAL CIGARETTES,6QUYwB9zIxBqBvoXYdaI7o,0.00147,0.981,131.955,0.615
BLACK MEMORY feat.Hiro (MY FIRST STORY),THE ORAL CIGARETTES,6EwnUlPlXN7ZtcrN3LQ9X8,0.00017,0.919,182.083,0.608
DUNK feat.Masato (coldrain),THE ORAL CIGARETTES,49xAwRCNEsLG0PIHFLxnQE,9.24e-06,0.978,138.028,0.591
マナーモード,THE ORAL CIGARETTES,3atj97i7iYHkeed0viwLHf,0.0193,0.925,126.013,0.862
CATCH ME feat.MAH (SiM),THE ORAL CIGARETTES,20e72rgQgErqTeK2ZnC5p9,0.000376,0.962,184.044,0.517
ミステイル,THE ORAL CIGARETTES,6vrJZq3mPRPSF0KZTZjF0j,0.00019,0.974,180.047,0.332
ReI,THE ORAL CIGARETTES,3SZCQ12SvR69w8UqdUMbyK,0.000485,0.982,185.999,0.47
リコリス,THE ORAL CIGARETTES,6tCOmMPxUZCpzOtxcWfx7Y,0.000109,0.92,146.043,0.67
Naked,THE ORAL CIGARETTES,68ijA1bOzCvYdhFBbOTIM1,4.72e-05,0.94,130.1,0.464
接触,THE ORAL CIGARETTES,0lY8bu6UoKKuCuDw0FauF3,0.000221,0.98,98.031,0.304
Maze,THE ORAL CIGARETTES,0WZ5MaKQpyVjgvURD1NnUD,0.000731,0.955,133.858,0.654
ENEMY feat.Kamui,THE ORAL CIGARETTES,3oVCOLYPbLkvqxE2XbHT43,0.000713,0.815,74.443,0.576
mist...,THE ORAL CIGARETTES,3Mla3gpkPL05xFqkaQHAp2,0.000476,0.963,188.13,0.83
Mr.ファントム,THE ORAL CIGARETTES,6dW16F0xKtOHQnfudhwYxB,0.000199,0.953,168.013,0.814
A-E-U-I,THE ORAL CIGARETTES,2VxJH8HGDWFAjhQzb63l4J,0.00113,0.939,170.035,0.537
YELLOW,THE ORAL CIGARETTES,6pEMmnShBzHtbX4Q7vWt5e,7.42e-05,0.952,95.043,0.62
Slowly but surely I go on,THE ORAL CIGARETTES,5R7b5cnJBmyKkZEXk8ln5L,0.0708,0.804,98.027,0.541
N.I.R.A,THE ORAL CIGARETTES,7vmCit2AsgR6IKL2fHectE,0.005,0.98,140.896,0.469
起死回生STORY,THE ORAL CIGARETTES,0JEVMz4kh8ERadXGDHWUii,0.000363,0.979,142.039,0.429
Everything,THE ORAL CIGARETTES,4yC3hdLK7w18YG7f1SCP73,0.0175,0.954,148.079,0.501
嫌い,THE ORAL CIGARETTES,1b29QoIaONBCJo5rbMnNQg,0.000552,0.868,130.513,0.612
リメイクセンス,THE ORAL CIGARETTES,1YmLlSwgbXSC85c3nj4xAT,0.0156,0.775,93.01,0.739
What you want,THE ORAL CIGARETTES,7mz685M9mx1JFFIIPNzp4H,0.0206,0.917,129.975,0.529
GET BACK,THE ORAL CIGARETTES,4dhMfCyLbyj7skEBYusgGP,3.69e-05,0.977,96.044,0.559
Tonight the silence kills me with your fire,THE ORAL CIGARETTES,3hWCzFgNQ6jc10yT7CpMQk,4.16e-06,0.989,175.016,0.304
MIRROR,THE ORAL CIGARETTES,34md4t1DzuW8BEUz78sl1Q,0.000691,0.958,100.961,0.805
聖夜,THE ORAL CIGARETTES,0HVDzC8RI37Lh3yoJfH2kQ,0.032,0.408,84.099,0.227
Dream In Drive,THE ORAL CIGARETTES,3WnMlSyXkArHADPT8jWxr7,0.000318,0.973,72.017,0.367
Flower,THE ORAL CIGARETTES,4lS0ZvOqOuSGzpiVV8zo1O,0.000391,0.962,95.994,0.513
キエタミタイ,THE ORAL CIGARETTES,5ZZVfePyH7FcJsnYltCUDk,0.00128,0.963,96.017,0.676
隣花,THE ORAL CIGARETTES,0kIx4wwk7Dns5dhmbNLjh3,0.003,0.81,85.96,0.305
BUG,THE ORAL CIGARETTES,3ll3777Lzzs15BdKwzbgIU,0.000175,0.963,182.057,0.709
カンタンナコト,THE ORAL CIGARETTES,6PhRv5t5XPBsPdOthmWXXQ,0.00597,0.966,134.104,0.684
The Given,THE ORAL CIGARETTES,3xoo10pEcdnYBN3Zb2EpbM,0.00672,0.899,164.016,0.398
狂乱 Hey Kids!!,THE ORAL CIGARETTES,4lbtDvq5QBaCbVdG8knuBM,0.00176,0.904,141.989,0.878
出会い街,THE ORAL CIGARETTES,1iqxs1FVeYRSG6mIRmlDho,0.000482,0.937,192.097,0.547
もういいかい?,THE ORAL CIGARETTES,7AJ1dpZyZgH7fn2w2la96z,0.00125,0.989,191.447,0.301
踊り狂う人形,THE ORAL CIGARETTES,5t88zDemzX5b0nhZEY9Thc,0.000205,0.921,138.044,0.334
Shine Holder,THE ORAL CIGARETTES,7xvCTM98retVdRZQ77FpaB,0.00157,0.928,134.962,0.757
トナリアウ,THE ORAL CIGARETTES,1Zf5xSwL3i9nkd6LrM29iZ,0.000351,0.858,139.968,0.465
瓢箪山の駅員さん,THE ORAL CIGARETTES,3ZG5UdloFfsxbj61aZC2CB,0.00325,0.781,132.089,0.962
PSYCHOPATH,THE ORAL CIGARETTES,0ZiW3SSeMd5pvtUHJMIRor,0.000184,0.939,129.985,0.73
モンスターエフェクト,THE ORAL CIGARETTES,11savDhupHCX7Q49YwdDwr,7.93e-05,0.966,185.987,0.743
DIP-BAP,THE ORAL CIGARETTES,74M1e1nGysK59eX94svFs0,0.00132,0.884,143.96,0.803
エイミー,THE ORAL CIGARETTES,0PGnIRdMx18YjFxlDkDAce,0.00016,0.915,181.916,0.47
大魔王参上,THE ORAL CIGARETTES,1HkdHG3IGop22Dh1zuNSXo,0.0014,0.947,138.003,0.504
逆恨み小僧,THE ORAL CIGARETTES,7jpKJ6agSj5lhSeU0EJmpz,5.19e-05,0.95,93.976,0.702
この季節に僕が唄う歌,THE ORAL CIGARETTES,7jNArcAglnm6bfaQaCu1jB,0.0663,0.73,110.983,0.808
机上の空論に意味を為す,THE ORAL CIGARETTES,08HLrhR4mAlqunPLy61yBm,0.000819,0.891,120.059,0.944
LIPS,THE ORAL CIGARETTES,0wv26uMc52uY4HvVJlYMrJ,0.00224,0.96,106.0,0.69
ハロウィンの余韻,THE ORAL CIGARETTES,55dAyu3qC8KtmWKgMMYDoh,8.85e-05,0.964,145.836,0.554
STARGET,THE ORAL CIGARETTES,0AtGLIGg7LwPWkn9T49FWm,4.11e-05,0.881,169.902,0.449
自動販売機の男,THE ORAL CIGARETTES,2h1MONBPryPA1kdO7zWnLA,0.00101,0.92,96.019,0.701
僕は夢を見る,THE ORAL CIGARETTES,6CV4ZpWV9oWagJGcWH3ele,0.00036,0.849,128.058,0.734
透明な雨宿り,THE ORAL CIGARETTES,27jz4pyD325BSgmvmFmDe4,0.000505,0.703,104.949,0.28
S-LOW,THE ORAL CIGARETTES,4IwZMLFM8WkeSRlBUjEfE4,0.000418,0.814,101.98,0.558
悪戯ショータイム,THE ORAL CIGARETTES,4UJeQN47HduNDV9mfCrTbq,0.000124,0.901,142.131,0.736
WARWARWAR,THE ORAL CIGARETTES,38Uzm8RaBMDlADEsGwRXEj,0.000786,0.909,124.004,0.788
エンドロール,THE ORAL CIGARETTES,6wA6NibP92wDlNg8xGQEIR,0.000774,0.949,141.985,0.689
不透明な雪化粧,THE ORAL CIGARETTES,7edBDWYXm0AhMCDTQkY0Tk,0.00425,0.7,101.947,0.399
Ladies and Gentlemen,THE ORAL CIGARETTES,5hntuwFRWdeCZN4e3fhGOJ,0.0891,0.9,102.951,0.702
リブロックアート,THE ORAL CIGARETTES,70mAZN0MnvS8y1FKx6q2A4,0.000989,0.952,95.055,0.529
Uh...Man,THE ORAL CIGARETTES,4gStTBFXUJZIMeUQqGJY2l,0.00149,0.973,161.933,0.392
Like the Music,THE ORAL CIGARETTES,5SjZ6wv2CNvWHSMEtziCj9,0.000493,0.965,138.072,0.475
Hallelujah,THE ORAL CIGARETTES,5ey5xHTjM6LaQtkfBJXWVO,0.017,0.903,171.998,0.303
ワガママで誤魔化さないで,THE ORAL CIGARETTES,7BxI4l7cU49ohcqqEOaCUJ,0.0058,0.962,141.925,0.557
Color Tokyo,THE ORAL CIGARETTES,2IdvAz2mqUEoFrkN4sF5qH,0.00123,0.926,123.762,0.286
Don't you think (feat.ロザリーナ),THE ORAL CIGARETTES,6dnK0cv0PCczvOf1N7xRRq,0.035,0.842,90.004,0.621
From Dusk Till Dawn,THE ORAL CIGARETTES,09nZXUU8HIUJpfFLk9N1LN,0.000709,0.506,124.046,0.238
蝋燭の私,YGNT special collective,2DggRXOIfqcsee20VeS7u8,0.0339,0.881,130.039,0.346
じれったい at Billboard Live Yokohama(2020.06.24),YGNT special collective,5idO3sJz6HW7MzqZszhj54,0.108,0.873,121.816,0.581
AWAKENING,JOGO,0wtLwV8tVrJVm0L3QK0r53,0.00218,0.987,162.897,0.438
IZAYOI,THE ORAL CIGARETTES,1SfC2C5xzCjcBKVXKf6dUm,5.71e-05,0.969,141.021,0.563
UNDER and OVER,THE ORAL CIGARETTES,1duKpBOlLeouNMHNMlvXm3,0.000213,0.973,116.077,0.939
If,SHE'S,1lhzb9YNRgalErf5Nj0Oo0,0.207,0.439,167.638,0.495
Happy Ending,SHE'S,0clmQbOYUWXdjKMOEwfkJW,0.325,0.423,89.742,0.587
Time To Dive,SHE'S,18MqcWMmVnJVY4O9nIQ3z1,0.00229,0.864,185.251,0.558
Cloud 9,SHE'S,0CCFTdzJox5wvVfxizjQMR,0.0186,0.702,97.947,0.763
幸せ,SHE'S,3oQOvxFHlVsmlsZbQAfKFC,0.188,0.659,73.005,0.2
Imperfect,SHE'S,5uP68C8kubfH1Elyo930dW,0.00542,0.766,168.013,0.796
Spell On Me,SHE'S,06ec3X4YyVx4s1SgBUEvyY,0.0612,0.641,159.991,0.416
Remember Me,SHE'S,3DXcYqdkWRCPdtwMEiMZXl,0.0267,0.467,147.914,0.335
Unforgive,SHE'S,5dAGFzxmNsAFgZ8Kfh1TJk,0.0861,0.705,137.978,0.474
Take It Easy,SHE'S,5cMvLr3FahyBfLNHQ7SYZd,0.0162,0.81,122.005,0.734
So Bad,SHE'S,31yOZCZownG6WcMXeKrZks,0.159,0.574,160.128,0.525
月は美しく - Album ver.,SHE'S,0fl76cTFELqmS3aoFcySJm,0.00106,0.635,119.991,0.572
Upside Down,SHE'S,0LGASD13MNuNEfPv9WK8uy,0.000171,0.766,119.963,0.675
Change,SHE'S,6TUfCIoPANP3iGCm0YEcYB,0.0821,0.934,163.811,0.479
Clock,SHE'S,38gKKYEjFQm2RgUz6dMmam,0.0841,0.497,99.968,0.44
Masquerade,SHE'S,6f1Sf7gegaMZvRBo1UNpcr,0.0943,0.909,95.009,0.806
No Gravity,SHE'S,2rlj5ywKI8pjdnZiJg4cpQ,0.183,0.657,122.0,0.755
Raided,SHE'S,5QUvjmT1N9bIaOPePCTZNR,0.0377,0.586,137.966,0.806
ワンシーン,SHE'S,6aP6HES0LPctdpTRnYAK7c,0.0165,0.892,90.878,0.473
Used To Be,SHE'S,3hKKSQ5LJtD7nK39Kc9PBM,0.00141,0.817,126.07,0.784
White,SHE'S,4c94V4FtVadhnuvFZYGwQB,0.134,0.677,109.995,0.248
Ugly,SHE'S,609OhoG7zmkoxrBWk9bWWn,0.0966,0.57,98.085,0.738
Your Song,SHE'S,1SzcvfODczy3qyZMHmjCab,0.00281,0.811,183.634,0.466
2人,SHE'S,69joaLar2FGMrKhCxobHH8,0.249,0.865,170.012,0.515
Long Goodbye,SHE'S,57HRvgrs0DRfrtAdfeT2uC,0.322,0.795,160.169,0.531
信じた光,SHE'S,6C2UDDoF0obvBBS5Gj1ENJ,0.0402,0.832,91.498,0.452
日曜日の観覧車,SHE'S,4pUwKSiroWH5Vt0S7C6IVm,0.086,0.681,122.04,0.8
追い風,SHE'S,18xuP7U6kt4u43DiXPfa89,0.0159,0.642,121.954,0.612
Grow Old With Me,SHE'S,2Mbv7N9s73ky5mt1Hjthfq,0.0101,0.842,156.013,0.924
Dance With Me,SHE'S,41TFAnFV3Ci8A2DuuKwWSl,0.00106,0.792,124.997,0.733
Chained,SHE'S,7x5g2FiWvNQcH8yx7lqpCO,0.114,0.616,170.126,0.319
Tonight,SHE'S,17AQq7NUTJIfisTvWfkS7z,0.0114,0.758,110.016,0.35
C.K.C.S.,SHE'S,5RyRVVoTbKHqnkSU9b98vt,0.0282,0.789,121.99,0.874
Not Enough,SHE'S,4Wb21iNxiS3cJuKw79bczV,0.626,0.368,90.006,0.661
Tragicomedy,SHE'S,316DduPgkkF5eGTTgdVp7t,0.278,0.303,123.851,0.317
In Your Room,SHE'S,37x85W5SvRTBIe08AvYD8m,0.0284,0.7,107.977,0.54
Come Back,SHE'S,3iy4KICxa8aET2TonmvjIH,0.0101,0.749,199.741,0.546
Stars,SHE'S,67djcqvs15hBxreMJ6V6Qw,0.000727,0.91,154.075,0.419
Say No,SHE'S,5F6IE9golmrc8psEZOv9Nq,0.00964,0.714,101.022,0.431
グッド・ウェディング,SHE'S,4lDHB4OoODARO2mYEnaBa2,0.00222,0.754,183.852,0.635
Don't Let Me Down,SHE'S,2nACU7gGa2g7p3ywfXPbfh,0.0215,0.791,191.956,0.493
Ghost,SHE'S,2uecye1PFv17pE3iD2S1w3,0.000849,0.624,155.882,0.275
プルースト,SHE'S,2zX4TzEttOyAbuZ71XDmK8,0.00759,0.62,157.931,0.335
Leave Me,SHE'S,2nDDz5ZBJ21C708l3ay0zv,0.331,0.585,169.906,0.231
Just Find What You'd Carry Out,SHE'S,0cLOr8tU8vDxhKxSj7GUFn,0.00619,0.917,92.539,0.637
Voice,SHE'S,0OG7iPOcr9DnWe53hOsvKF,0.0463,0.822,146.0,0.357
Curtain Call,SHE'S,5KdUy5iP7B37YUn5cNOYZV,0.15,0.71,82.929,0.512
Silence,SHE'S,25rzsCtV6fc0YPSwCTf0mi,0.962,0.147,73.007,0.186
Isolation,SHE'S,0zwW3pSuRvAijj0QoZYIHj,0.000146,0.881,94.936,0.636
Delete/Enter,SHE'S,6QYYgFQrlyixP4fvW5meeS,0.0175,0.686,128.111,0.314
Over You,SHE'S,1hi7Xc9qpikZHIEMCC21kJ,0.00367,0.839,147.054,0.861
